organisation,shown_as,fts_subtype,years,funded_by,confirm_national (y/n)
Benposta Nación de Muchachos Colombia,nngo,National NGOs/CSOs,2025,"Colombia (Latin America,…",
Campaña Colombiana Contra Minas,nngo,National NGOs/CSOs,2025;2026,Deutsche Gesellschaft fü…; Germany; Norway; Switzerland,
Corporación Infancia y Desarrollo,nngo,National NGOs/CSOs,2026,"Colombia (Latin America,…",
Corporación Sisma Mujer,nngo,National NGOs/CSOs,2025,"Colombia (Latin America,…",
Diakonie Apoyo en Emergencias,nngo,National NGOs/CSOs,2025,"Colombia (Latin America,…",
Fundación Halu Bienestar Humano,nngo,Local NGOs/CSOs,2025,Sweden,
Fundación Tierra de Paz,nngo,National NGOs/CSOs,2025,"Colombia (Latin America,…",
Fundación para el Desarrollo Integral en Género y Familia,nngo,National NGOs/CSOs,2025,"Colombia (Latin America,…",
HUMANICEMOS DH,nngo,Local NGOs/CSOs,2026,Switzerland,
Liga Internacional de Mujeres por la Paz y la Libertad,nngo,National NGOs/CSOs,2025,"Colombia (Latin America,…",
National NGOs (Confidential),nngo,National NGOs/CSOs,2025,Switzerland,
