iso3,year,flow_id
GRC,2018,171074
SOM,2018,182992
CAF,2018,183035
SSD,2018,183222
SSD,2018,183223
LBN,2018,183275
LBN,2018,183282
LBN,2018,183325
YEM,2018,183359
IRQ,2018,183399
LBN,2018,183424
JOR,2018,183425
SYR,2018,183431
SYR,2018,183432
IRQ,2018,183483
PSE,2018,183495
IRQ,2018,183496
IRQ,2018,183499
PSE,2018,183562
PSE,2018,183565
PSE,2018,183566
LAO,2018,183592
,2018,183622
SSD,2018,184052
AFG,2018,184241
YEM,2018,184630
JOR,2018,184653
JOR,2018,184653
,2018,184891
,2018,184894
UKR,2018,185023
UKR,2018,185023
PER,2018,185077
JOR,2018,185234
SYR,2018,185244
JOR,2018,185255
ETH,2018,185379
SOM,2018,185743
SOM,2018,185745
SOM,2018,185748
SOM,2018,185748
SOM,2018,185779
SOM,2018,185804
JPN,2018,185849
PSE,2018,185861
SOM,2018,185970
LBN,2018,186023
CMR,2018,171643
,2018,187190
NGA,2018,171695
SYR,2018,171732
YEM,2018,191457
COL,2018,192047
SYR,2018,192413
SOM,2018,196383
SOM,2018,196428
MULTI,2018,198622
LBN,2018,200708
IRQ,2018,201097
SOM,2018,201362
PHL,2018,171830
IRQ,2018,221732
UGA,2018,171899
CMR,2018,172000
SSD,2018,172046
SSD,2018,172046
LBN,2018,172275
SYR,2018,150793
,2018,165459
MEX,2018,168953
,2018,176478
IDN,2018,184793
UGA,2018,172338
,2018,176479
COD,2018,172460
SDN,2018,161976
LBN,2018,172931
SYR,2018,172939
SYR,2018,172946
PSE,2018,172955
PSE,2018,172990
PSE,2018,172992
PSE,2018,172993
PSE,2018,173003
COD,2018,173130
MLI,2018,173145
HTI,2018,173161
SOM,2018,173768
,2018,165461
IRQ,2018,174116
SOM,2018,174388
COL,2018,174446
MEX,2018,174468
CMR,2018,174533
MLI,2018,174543
JOR,2018,174548
PSE,2018,174671
UKR,2018,174855
SSD,2018,167571
JOR,2018,167838
AFG,2018,175216
LBN,2018,175315
SYR,2018,175647
,2018,175834
BGD,2018,176055
IRQ,2018,176128
IRQ,2018,176140
IRQ,2018,176140
JOR,2018,176223
MEX,2018,168955
PSE,2018,176369
UKR,2018,176421
EGY,2018,176741
CAF,2018,176787
MMR,2018,176969
MMR,2018,176970
,2018,169130
,2018,169133
MRT,2018,177250
MRT,2018,177297
MRT,2018,177298
UKR,2018,177377
UKR,2018,177377
SYR,2018,177493
PAK,2018,177548
PAK,2018,177548
,2018,177830
NGA,2018,177907
SEN,2018,178220
IRQ,2018,178377
AFG,2018,178523
YEM,2018,170083
CMR,2018,178597
CMR,2018,178604
LBN,2018,178689
YEM,2018,179046
JOR,2018,179070
IRQ,2018,179356
COD,2018,179859
AFG,2018,180171
JOR,2018,180338
LBN,2018,180339
IRQ,2018,180340
BRA,2018,180965
YEM,2018,181503
BGD,2018,181523
COD,2018,182224
SYR,2018,182289
SYR,2018,182291
,2019,165462
,2019,184892
,2019,184895
SOM,2019,185780
MWI,2019,186854
COL,2019,187353
SYR,2019,187420
COD,2019,187733
AFG,2019,188002
COL,2019,188062
KEN,2019,188187
LBN,2019,188351
COD,2019,189212
BGD,2019,189417
MWI,2019,189740
MMR,2019,189873
ECU,2019,189998
PER,2019,190000
PER,2019,190001
ZWE,2019,190005
LBN,2019,190037
,2019,190046
,2019,165459
,2019,176478
IDN,2019,184793
SYR,2019,197658
LKA,2019,201570
COD,2019,203081
SYR,2019,211268
PSE,2019,213449
COD,2019,190587
COD,2019,190614
CMR,2019,190662
JOR,2019,190669
,2019,176481
AFG,2019,190947
SDN,2019,191340
YEM,2019,191458
,2019,191640
COL,2019,192048
LBN,2019,192773
EGY,2019,192782
PAK,2019,193042
PSE,2019,193260
PSE,2019,193264
CAF,2019,193396
YEM,2019,193418
LBN,2019,193618
CAF,2019,193796
EGY,2019,194397
,2019,194777
,2019,194780
ETH,2019,195004
JOR,2019,195298
JOR,2019,195423
SSD,2019,195445
ZWE,2019,195789
KEN,2019,196321
COD,2019,196542
SOM,2019,196779
HTI,2019,197132
SYR,2019,197176
SYR,2019,197279
EGY,2019,197453
PSE,2019,197582
ECU,2019,197682
ERI,2019,198027
,2019,198040
SYR,2019,198085
COD,2019,198558
MULTI,2019,198621
ZWE,2019,198751
,2019,198963
AFG,2019,199003
ETH,2019,199312
MOZ,2019,199696
PSE,2019,199945
,2019,200610
SEN,2019,201541
,2019,201561
LKA,2019,201571
KEN,2019,201603
IRQ,2019,201870
AFG,2019,202073
AFG,2019,202095
BGD,2019,202289
CMR,2019,202757
CAF,2019,202758
ALB,2019,202852
ALB,2019,202987
,2019,203355
ALB,2019,203695
JOR,2019,203884
LBN,2019,203885
PSE,2019,203886
YEM,2019,204018
EGY,2019,204467
PSE,2019,205911
COD,2019,206325
JOR,2019,206537
PER,2019,220982
IRQ,2019,221733
SYR,2019,239773
SYR,2019,239775
,2020,165459
LKA,2020,201570
COD,2020,203081
SYR,2020,211268
PSE,2020,213449
,2020,210175
SSD,2020,216548
SDN,2020,221914
SSD,2020,224959
COL,2020,231114
COL,2020,242445
TUR,2020,226609
,2020,165463
COL,2020,192049
,2020,194778
,2020,194781
,2020,198964
COL,2020,199263
,2020,200611
,2020,201562
LKA,2020,201572
ALB,2020,202853
MRT,2020,206123
JOR,2020,206402
TJK,2020,207520
SYR,2020,208458
SYR,2020,208492
SYR,2020,208504
LBN,2020,208788
LBN,2020,208789
SDN,2020,209784
IRQ,2020,209895
COD,2020,210076
,2020,210176
CMR,2020,210651
CMR,2020,210653
TGO,2020,210729
PER,2020,210831
COL,2020,210909
YEM,2020,211105
SSD,2020,211191
,2020,211324
UGA,2020,211652
AFG,2020,211744
AFG,2020,211749
AFG,2020,211750
AFG,2020,211751
VEN,2020,211853
MMR,2020,212021
SYR,2020,212331
NIC,2020,212408
,2020,212409
FJI,2020,212578
KEN,2020,213507
SYR,2020,213563
COL,2020,213640
KEN,2020,213720
AFG,2020,213742
SYR,2020,214113
SYR,2020,214388
SYR,2020,214389
UGA,2020,214668
LBR,2020,215200
SYR,2020,215231
DJI,2020,215742
JOR,2020,215830
,2020,215965
ZMB,2020,216135
NER,2020,216213
EGY,2020,216224
NER,2020,216491
SSD,2020,216549
SSD,2020,216791
JOR,2020,216794
JOR,2020,216801
JOR,2020,216804
JOR,2020,216820
ECU,2020,216865
LBN,2020,217442
AFG,2020,217638
SYR,2020,217648
LBN,2020,218078
KEN,2020,218191
MOZ,2020,218207
SSD,2020,218428
IRQ,2020,218434
YEM,2020,218483
CAF,2020,218610
CAF,2020,218750
,2020,219111
PAK,2020,219641
KEN,2020,220204
PER,2020,220275
COL,2020,220812
TCD,2020,220949
PER,2020,220983
PAK,2020,221514
COD,2020,221807
SYR,2020,221921
UKR,2020,222124
JOR,2020,222643
COD,2020,222820
COD,2020,222821
ZMB,2020,222878
ZMB,2020,222879
MOZ,2020,223020
JOR,2020,223159
LBN,2020,223160
JOR,2020,223318
SYR,2020,223321
LBN,2020,223378
LBN,2020,223379
LBN,2020,223380
AFG,2020,223420
JOR,2020,223721
AFG,2020,223842
COD,2020,223844
NGA,2020,223845
VNM,2020,223864
VNM,2020,223966
VEN,2020,224259
SYR,2020,224447
VNM,2020,224478
VNM,2020,224483
IRQ,2020,224786
ETH,2020,224919
SSD,2020,224960
,2020,225042
MOZ,2020,225074
AFG,2020,225353
YEM,2020,225375
AFG,2020,225440
AFG,2020,225441
,2020,225993
COL,2020,227049
SSD,2020,227104
LBN,2020,227584
LBN,2020,227585
SSD,2020,227735
PER,2020,228081
AFG,2020,228312
ALB,2020,229044
LBN,2020,229081
LBN,2020,229085
TCD,2020,229162
SYR,2020,232952
LBN,2020,232953
GUY,2020,233303
JOR,2020,236453
SYR,2020,239776
SYR,2020,249898
LBN,2020,260923
SYR,2020,321784
SYR,2021,211268
,2021,210175
SSD,2021,216548
SDN,2021,221914
SSD,2021,224959
COL,2021,231114
,2021,231493
SDN,2021,234345
YEM,2021,238249
COL,2021,242445
SSD,2021,246073
SYR,2021,249375
TUR,2021,226610
SYR,2021,195547
,2021,210177
SSD,2021,216550
PER,2021,220291
,2021,223893
VEN,2021,224260
IRQ,2021,224787
SYR,2021,224789
SSD,2021,224961
,2021,225044
LBN,2021,225634
AFG,2021,226198
AFG,2021,226355
COL,2021,226434
COD,2021,226923
YEM,2021,226967
COD,2021,227055
YEM,2021,227687
ARM,2021,227698
MDG,2021,228154
MDG,2021,228179
MDG,2021,228181
YEM,2021,228205
MDG,2021,228684
TUR,2021,228809
JOR,2021,229432
MDG,2021,231146
COL,2021,231259
COL,2021,231263
VCT,2021,231413
TUR,2021,231441
,2021,231494
,2021,231701
,2021,232036
,2021,232281
,2021,232291
YEM,2021,232340
CAF,2021,232780
SOM,2021,232781
NGA,2021,232782
ECU,2021,233143
ECU,2021,233145
ECU,2021,233146
ECU,2021,233148
PER,2021,233160
COL,2021,233201
COL,2021,233205
MDG,2021,233263
MDG,2021,233425
MDG,2021,233766
IRQ,2021,233825
PER,2021,233886
EGY,2021,233976
COD,2021,234138
PLW,2021,234629
MDG,2021,234656
PSE,2021,234684
GNQ,2021,234749
PER,2021,235043
PSE,2021,235076
PER,2021,235137
PER,2021,235151
SYR,2021,235679
AFG,2021,236159
PSE,2021,236254
,2021,236485
LBN,2021,236828
MMR,2021,237108
ETH,2021,237121
ETH,2021,237122
,2021,237502
HUN,2021,237508
,2021,237539
PSE,2021,237637
PSE,2021,237637
PSE,2021,237643
PSE,2021,237643
COL,2021,237662
COL,2021,237663
COL,2021,237671
PSE,2021,237822
PSE,2021,237822
LBN,2021,237911
YEM,2021,237922
LBN,2021,237927
JOR,2021,237936
SYR,2021,237978
JOR,2021,237981
LBN,2021,238000
LBN,2021,238005
LBN,2021,238060
YEM,2021,238164
YEM,2021,238215
PSE,2021,238251
PSE,2021,238276
PSE,2021,238282
MDG,2021,238318
PSE,2021,238362
LBN,2021,238382
LBN,2021,238383
AFG,2021,239031
SOM,2021,239169
PSE,2021,239573
PSE,2021,239579
PSE,2021,239628
AFG,2021,239820
AFG,2021,239821
HTI,2021,240025
LBN,2021,240268
BGD,2021,240270
MMR,2021,240298
MMR,2021,240314
LBN,2021,240426
AFG,2021,240452
SYR,2021,240762
COL,2021,241112
LBN,2021,241202
COD,2021,241372
COD,2021,241373
AFG,2021,241724
AFG,2021,241759
BGD,2021,242213
LBN,2021,242373
COL,2021,242446
COL,2021,242453
KAZ,2021,243060
YEM,2021,243643
NOR,2021,243720
,2021,243849
,2021,243897
IRQ,2021,243946
JOR,2021,244399
GTM,2021,244850
PSE,2021,245736
SYR,2021,245779
SYR,2021,245809
SYR,2021,245811
LBN,2021,245817
LBN,2021,245818
MDG,2021,245899
SSD,2021,246074
MOZ,2021,246583
,2021,246922
,2021,246932
,2021,246947
PSE,2021,246960
PSE,2021,246960
YEM,2021,246997
LBN,2021,249474
SYR,2021,249896
COL,2021,250095
LBN,2021,250398
KEN,2021,250423
YEM,2021,250546
LBN,2021,251660
TUR,2021,257415
ETH,2021,259886
LBN,2021,260922
LBN,2021,261362
SYR,2021,270633
,2021,291289
YEM,2021,306117
SSD,2022,216548
SDN,2022,221914
SSD,2022,224959
COL,2022,231114
,2022,231493
SDN,2022,234345
YEM,2022,238249
SSD,2022,246073
SYR,2022,249375
LKA,2022,263706
,2022,231495
,2022,232037
CAF,2022,232783
SOM,2022,232784
NGA,2022,232785
IRQ,2022,236571
,2022,237503
HUN,2022,237509
,2022,237540
COL,2022,237666
COL,2022,237672
COL,2022,237675
COL,2022,242447
,2022,243898
SSD,2022,246075
TON,2022,246768
KEN,2022,246788
MWI,2022,246966
SOM,2022,246998
MMR,2022,247486
PSE,2022,247980
HUN,2022,250377
ETH,2022,250402
SSD,2022,250877
SOM,2022,251149
NER,2022,251645
,2022,251950
,2022,252108
KEN,2022,252514
SOM,2022,252726
SSD,2022,253096
DJI,2022,253098
ETH,2022,253297
COD,2022,253559
MDA,2022,254046
AFG,2022,254448
AFG,2022,254454
AFG,2022,254481
SOM,2022,254691
SOM,2022,254778
LKA,2022,254992
MULTI,2022,256285
LBN,2022,256291
PSE,2022,256302
KEN,2022,256330
NIC,2022,256508
UGA,2022,256514
KEN,2022,256772
SOM,2022,257085
URY,2022,257336
NER,2022,257549
NGA,2022,257603
AFG,2022,257794
COD,2022,258012
,2022,259323
AFG,2022,259368
AFG,2022,259381
AFG,2022,259394
AFG,2022,259434
AFG,2022,259446
ROU,2022,259664
SVK,2022,259665
BFA,2022,260359
LBN,2022,260924
LBN,2022,260980
ETH,2022,261121
COD,2022,261601
KEN,2022,261877
AFG,2022,261906
AFG,2022,261908
AFG,2022,261916
AFG,2022,261920
AFG,2022,261926
AFG,2022,261928
HTI,2022,262022
LKA,2022,262203
JOR,2022,262254
JOR,2022,262255
JOR,2022,262257
UKR,2022,262454
COD,2022,262739
COD,2022,262741
COD,2022,262744
COD,2022,262752
COD,2022,262757
LKA,2022,263177
TUR,2022,263258
,2022,263983
ZWE,2022,264710
YEM,2022,264766
YEM,2022,264767
LBN,2022,264847
SOM,2022,266897
ETH,2022,267902
ETH,2022,267903
,2022,268087
COL,2022,268116
TUR,2022,268595
ETH,2022,268611
PAK,2022,269462
SYR,2022,270651
HUN,2022,270889
CHE,2022,270906
ETH,2022,271318
YEM,2022,271522
PAK,2022,273702
LKA,2022,273778
,2022,273817
,2022,274515
UKR,2022,274585
LBN,2022,277702
DZA,2022,280821
DZA,2022,281845
DZA,2022,281846
DJI,2022,299821
MRT,2022,299836
BGD,2022,299905
JOR,2022,299906
KEN,2022,299907
NGA,2022,299908
PAK,2022,299909
SYR,2022,299910
YEM,2022,299911
SOM,2022,299912
YEM,2022,306118
MULTI,2022,321776
MULTI,2022,321779
SYR,2022,322379
SYR,2022,337716
SYR,2022,337717
,2023,280128
MDG,2023,280413
MDG,2023,280414
BFA,2023,281584
,2023,282485
PER,2023,283113
SYR,2023,283365
TUR,2023,283725
KEN,2023,285008
UKR,2023,285708
SOM,2023,286041
SYR,2023,286349
LBN,2023,286361
KEN,2023,286509
KEN,2023,286571
IRN,2023,286758
KEN,2023,287033
CAN,2023,287928
SYR,2023,290480
SYR,2023,290481
SYR,2023,290621
SYR,2023,290624
AFG,2023,290767
SYR,2023,291338
SSD,2023,293003
NER,2023,293698
PER,2023,296586
,2023,297415
KEN,2023,298652
SOM,2023,298715
MULTI,2023,298987
AFG,2023,298991
,2023,300411
,2023,300787
UKR,2023,301350
YEM,2023,306119
DOM,2023,306881
PHL,2023,306885
SOM,2023,306887
KEN,2023,306912
JOR,2023,309899
JOR,2023,309900
COL,2023,318765
LBN,2023,323088
VUT,2023,338630
VUT,2023,338631
SYR,2023,382175
SYR,2023,382216
,2023,231493
YEM,2023,238249
SYR,2023,249375
LKA,2023,263706
SYR,2023,276840
JOR,2023,278914
,2023,281904
SYR,2023,288828
,2023,231496
,2023,232038
CAF,2023,232786
SOM,2023,232787
UGA,2023,233795
,2023,251951
MULTI,2023,256286
NIC,2023,256509
SSD,2023,266413
KEN,2023,267337
KEN,2023,267338
UGA,2023,268273
URY,2023,270206
ETH,2023,270786
ETH,2023,272553
PAK,2023,273704
LKA,2023,273777
UKR,2023,274643
SYR,2023,275312
SYR,2023,275323
MNG,2023,275802
UKR,2023,277311
LBN,2023,278918
YEM,2024,278991
PER,2024,283114
SSD,2024,293015
PER,2024,296589
KEN,2024,298654
,2024,300412
COL,2024,302951
PHL,2024,305280
CHL,2024,305307
PSE,2024,305824
YEM,2024,306120
IRN,2024,306891
ARG,2024,306894
PAK,2024,306896
MNG,2024,306902
NGA,2024,307914
YEM,2024,308628
JOR,2024,312363
LBN,2024,312367
LBN,2024,312370
LBN,2024,312376
UKR,2024,312632
BFA,2024,312807
YEM,2024,314890
SYR,2024,315007
LBN,2024,315775
LBN,2024,315776
LBN,2024,315777
LBN,2024,315778
LBN,2024,315779
LBN,2024,315780
SYR,2024,316631
PSE,2024,317734
PSE,2024,317757
PSE,2024,317758
BGD,2024,317874
JOR,2024,318539
MDG,2024,318681
JOR,2024,320664
LBN,2024,321613
,2024,323228
GTM,2024,324795
PSE,2024,325518
JOR,2024,326108
CMR,2024,326926
COL,2024,327541
AFG,2024,330276
AFG,2024,330301
AFG,2024,330322
AFG,2024,330323
AFG,2024,330380
COD,2024,330648
COD,2024,330650
COD,2024,330651
NER,2024,331687
NGA,2024,331719
SSD,2024,332210
SSD,2024,332313
SYR,2024,332631
SYR,2024,332686
SYR,2024,332688
SYR,2024,332689
UKR,2024,332885
UKR,2024,332924
UKR,2024,333053
JAM,2024,333504
NAM,2024,333574
VNM,2024,333766
VNM,2024,333769
PHL,2024,334411
UKR,2024,334582
SYR,2024,334785
SYR,2024,334787
SYR,2024,335421
EGY,2024,335591
LBN,2024,335675
LBN,2024,335680
LAO,2024,335814
SYR,2024,336119
SYR,2024,336121
UKR,2024,338270
,2024,338278
AFG,2024,338307
SDN,2024,338360
SDN,2024,338361
SOM,2024,338634
NER,2024,339053
AFG,2024,339869
AFG,2024,339875
AFG,2024,339885
AFG,2024,340122
YEM,2024,342136
UGA,2024,349784
SYR,2024,350306
YEM,2024,351705
SSD,2024,352156
ETH,2024,352237
SDN,2024,352733
COD,2024,365541
SYR,2024,382263
SYR,2024,382284
SYR,2024,382335
,2024,231493
YEM,2024,238249
SYR,2024,276840
,2024,281904
SYR,2024,288828
DAC,2024,330738
PER,2025,291848
,2025,297139
,2025,300413
LBN,2025,315781
LBN,2025,315782
LBN,2025,315783
LBN,2025,315784
LBN,2025,315785
LBN,2025,315787
,2025,323226
PSE,2025,333931
LBN,2025,337798
UKR,2025,341996
PSE,2025,342010
HTI,2025,342368
PSE,2025,342695
AFG,2025,343252
BOL,2025,343552
MMR,2025,343557
MMR,2025,343558
YEM,2025,344900
BRA,2025,345742
CHL,2025,345743
COL,2025,345744
CRI,2025,345745
DOM,2025,345746
GUY,2025,345748
,2025,345770
TTO,2025,345771
UKR,2025,346056
UKR,2025,346320
SYR,2025,347642
NGA,2025,348041
NGA,2025,348049
SDN,2025,349204
PSE,2025,349526
UGA,2025,349786
SYR,2025,350308
YEM,2025,351707
SSD,2025,352158
ETH,2025,352240
SDN,2025,352736
SDN,2025,352738
UGA,2025,353697
ETH,2025,354217
ETH,2025,354218
SSD,2025,354906
SDN,2025,355317
SDN,2025,355319
JOR,2025,355526
YEM,2025,355895
PSE,2025,356066
PSE,2025,356067
LBN,2025,356137
LBN,2025,356139
LBN,2025,356155
LBN,2025,356157
LBN,2025,356175
LBN,2025,356177
AFG,2025,356359
LBN,2025,356648
LBN,2025,356650
UKR,2025,356672
UKR,2025,356675
UKR,2025,356677
LBN,2025,357008
LBN,2025,357010
COD,2025,357153
COD,2025,357154
UKR,2025,357173
AFG,2025,357197
KEN,2025,357342
LBN,2025,360079
LBN,2025,360081
SOM,2025,360093
SOM,2025,360101
UKR,2025,360120
SOM,2025,360284
SOM,2025,360295
SOM,2025,360444
SOM,2025,360447
JOR,2025,360515
LBN,2025,361179
,2025,362303
,2025,362304
PSE,2025,362438
JOR,2025,363309
YEM,2025,363392
YEM,2025,363393
SYR,2025,363394
UKR,2025,363789
UKR,2025,363790
UKR,2025,363791
PSE,2025,363811
PSE,2025,364552
LBN,2025,365203
COD,2025,367108
COD,2025,367109
,2025,368299
,2025,368300
PER,2025,368539
SOM,2025,369193
JAM,2025,370004
SOM,2025,370530
VNM,2025,372944
SDN,2025,373044
SDN,2025,373046
SDN,2025,373645
PSE,2025,373647
KEN,2025,375127
PSE,2025,375494
LBN,2025,375553
ETH,2025,375657
MMR,2025,376173
MMR,2025,376174
SOM,2025,376230
SOM,2025,376236
SOM,2025,376257
SOM,2025,376260
SOM,2025,376263
SOM,2025,376280
SOM,2025,376288
SOM,2025,376302
SOM,2025,376309
YEM,2025,376760
SOM,2025,376844
SYR,2025,376908
AFG,2025,377121
BGD,2025,377220
TCD,2025,377297
TCD,2025,377298
COL,2025,377326
COD,2025,377392
COD,2025,377393
COD,2025,377394
ETH,2025,377462
,2025,377596
HTI,2025,377748
MLI,2025,377997
MDA,2025,378022
MOZ,2025,378048
MMR,2025,378066
PSE,2025,378196
PSE,2025,378218
SOM,2025,378357
SSD,2025,378380
SSD,2025,378382
LKA,2025,378444
LKA,2025,378445
SDN,2025,378453
SDN,2025,378454
CHE,2025,378508
CHE,2025,378509
YEM,2025,378935
SOM,2025,379127
COD,2025,379321
COD,2025,379323
COD,2025,379324
COD,2025,379355
COD,2025,379357
COD,2025,379359
COD,2025,379361
COD,2025,379363
COD,2025,379798
COD,2025,379800
COD,2025,379802
COD,2025,380227
COD,2025,380229
LBN,2025,380676
SDN,2025,380691
YEM,2025,380733
YEM,2025,380735
YEM,2025,380739
YEM,2025,380754
YEM,2025,380831
YEM,2025,380832
YEM,2025,380835
YEM,2025,380836
SDN,2025,381438
SDN,2025,381439
SDN,2025,381440
SDN,2025,381441
YEM,2025,382632
PSE,2025,386363
